Aux,Fecha,Jornada,ID_PARTIDO,Arbitro,Equipo_local,Equipo_Visitante,Jugador,Assists,Blocked shots,Corners won,Crosses,Fouls conceded,Fouls won,Goals,Offsides,Passes,Red cards,Saves,Shots,Shots on target,Tackles,Yellow cards
2,19 Aug 2026,,6z77qknhbwckkkciwzs085yj8,Adrián Cordero Vega,Club Atlético de Madrid,Málaga CF,A. Lookman,0,0,1,0,2,1,0,1,23,0,0,2,2,1,0
2,19 Aug 2026,,6z77qknhbwckkkciwzs085yj8,Adrián Cordero Vega,Club Atlético de Madrid,Málaga CF,Koke,0,0,0,3,1,1,0,0,67,0,0,0,0,2,0
2,19 Aug 2026,,6z77qknhbwckkkciwzs085yj8,Adrián Cordero Vega,Club Atlético de Madrid,Málaga CF,D. Hancko,1,1,0,1,1,2,0,0,95,0,0,3,0,3,1
2,19 Aug 2026,,6z77qknhbwckkkciwzs085yj8,Adrián Cordero Vega,Club Atlético de Madrid,Málaga CF,Dani Martínez,0,1,1,2,0,0,0,0,55,0,0,1,0,2,0
2,19 Aug 2026,,6z77qknhbwckkkciwzs085yj8,Adrián Cordero Vega,Club Atlético de Madrid,Málaga CF,Arnau Ortiz,0,0,0,3,0,1,0,1,7,0,0,0,0,1,0
2,19 Aug 2026,,6z77qknhbwckkkciwzs085yj8,Adrián Cordero Vega,Club Atlético de Madrid,Málaga CF,Rodrigo Mendoza,0,1,1,0,0,0,0,0,22,0,0,3,2,2,0
2,19 Aug 2026,,6z77qknhbwckkkciwzs085yj8,Adrián Cordero Vega,Club Atlético de Madrid,Málaga CF,Robin Le Normand,0,0,0,0,1,1,0,0,30,0,0,0,0,2,0
2,19 Aug 2026,,6z77qknhbwckkkciwzs085yj8,Adrián Cordero Vega,Club Atlético de Madrid,Málaga CF,Pablo Barrios,0,0,0,0,0,2,0,0,58,0,0,0,0,0,0
2,19 Aug 2026,,6z77qknhbwckkkciwzs085yj8,Adrián Cordero Vega,Club Atlético de Madrid,Málaga CF,J. Oblak,0,0,0,0,0,0,0,0,28,0,1,0,0,0,0
2,19 Aug 2026,,6z77qknhbwckkkciwzs085yj8,Adrián Cordero Vega,Club Atlético de Madrid,Málaga CF,Carlos Martín,0,0,1,1,4,0,0,0,20,0,0,2,0,0,0
2,19 Aug 2026,,6z77qknhbwckkkciwzs085yj8,Adrián Cordero Vega,Club Atlético de Madrid,Málaga CF,Jorge Domínguez,0,0,0,1,4,0,0,0,13,0,0,0,0,2,1
2,19 Aug 2026,,6z77qknhbwckkkciwzs085yj8,Adrián Cordero Vega,Club Atlético de Madrid,Málaga CF,Marcos Llorente,0,0,0,0,2,0,0,0,33,0,0,0,0,1,0
2,19 Aug 2026,,6z77qknhbwckkkciwzs085yj8,Adrián Cordero Vega,Club Atlético de Madrid,Málaga CF,Álex Baena,0,0,1,3,1,1,1,0,20,0,0,1,1,0,0
2,19 Aug 2026,,6z77qknhbwckkkciwzs085yj8,Adrián Cordero Vega,Club Atlético de Madrid,Málaga CF,G. Simeone,0,0,0,0,0,0,0,0,24,0,0,0,0,0,0
2,19 Aug 2026,,6z77qknhbwckkkciwzs085yj8,Adrián Cordero Vega,Club Atlético de Madrid,Málaga CF,Lee Kang-In,0,1,1,1,0,1,1,0,14,0,0,3,1,3,0
2,19 Aug 2026,,6z77qknhbwckkkciwzs085yj8,Adrián Cordero Vega,Club Atlético de Madrid,Málaga CF,M. Hjulmand,0,0,0,0,1,1,0,0,11,0,0,0,0,1,0
2,19 Aug 2026,,6z77qknhbwckkkciwzs085yj8,Adrián Cordero Vega,Club Atlético de Madrid,Málaga CF,Ángel Recio,0,0,0,0,0,0,0,0,57,0,0,0,0,1,0
2,19 Aug 2026,,6z77qknhbwckkkciwzs085yj8,Adrián Cordero Vega,Club Atlético de Madrid,Málaga CF,Carlos Puga,0,0,0,0,1,2,0,1,27,0,0,0,0,0,1
2,19 Aug 2026,,6z77qknhbwckkkciwzs085yj8,Adrián Cordero Vega,Club Atlético de Madrid,Málaga CF,Carlos Dotor,0,0,0,0,1,0,0,0,27,0,0,0,0,4,0
2,19 Aug 2026,,6z77qknhbwckkkciwzs085yj8,Adrián Cordero Vega,Club Atlético de Madrid,Málaga CF,David Larrubia,0,0,0,0,0,0,0,0,23,0,0,2,1,5,0
2,19 Aug 2026,,6z77qknhbwckkkciwzs085yj8,Adrián Cordero Vega,Club Atlético de Madrid,Málaga CF,Izan Merino,0,0,0,0,1,0,0,0,47,0,0,0,0,1,0
2,19 Aug 2026,,6z77qknhbwckkkciwzs085yj8,Adrián Cordero Vega,Club Atlético de Madrid,Málaga CF,Rafita,0,1,0,1,1,4,0,1,39,0,0,1,0,0,0
2,19 Aug 2026,,6z77qknhbwckkkciwzs085yj8,Adrián Cordero Vega,Club Atlético de Madrid,Málaga CF,Joaquín Muñoz,0,0,0,1,1,5,0,0,23,0,0,0,0,1,0
2,19 Aug 2026,,6z77qknhbwckkkciwzs085yj8,Adrián Cordero Vega,Club Atlético de Madrid,Málaga CF,Einar Galilea,0,0,0,0,1,0,0,0,51,0,0,0,0,4,0
2,19 Aug 2026,,6z77qknhbwckkkciwzs085yj8,Adrián Cordero Vega,Club Atlético de Madrid,Málaga CF,Chupe,0,1,1,0,1,0,0,0,18,0,0,1,0,1,0
2,19 Aug 2026,,6z77qknhbwckkkciwzs085yj8,Adrián Cordero Vega,Club Atlético de Madrid,Málaga CF,Alfonso Herrero,0,0,0,0,0,0,0,0,47,0,4,0,0,0,0
2,19 Aug 2026,,6z77qknhbwckkkciwzs085yj8,Adrián Cordero Vega,Club Atlético de Madrid,Málaga CF,Dani Lorenzo,0,0,0,0,0,1,0,0,50,0,0,0,0,2,0
2,19 Aug 2026,,6z77qknhbwckkkciwzs085yj8,Adrián Cordero Vega,Club Atlético de Madrid,Málaga CF,Juan Cruz,0,0,0,0,1,1,0,0,8,0,0,0,0,1,1
2,19 Aug 2026,,6z77qknhbwckkkciwzs085yj8,Adrián Cordero Vega,Club Atlético de Madrid,Málaga CF,Rafa Rodríguez,0,0,0,0,1,2,0,0,11,0,0,1,0,0,0
2,19 Aug 2026,,6z77qknhbwckkkciwzs085yj8,Adrián Cordero Vega,Club Atlético de Madrid,Málaga CF,José Salinas,0,0,0,0,0,0,0,0,11,0,0,0,0,0,0
2,19 Aug 2026,,6z77qknhbwckkkciwzs085yj8,Adrián Cordero Vega,Club Atlético de Madrid,Málaga CF,Ramón Enríquez,0,0,0,0,1,1,0,0,24,0,0,0,0,0,1
2,19 Aug 2026,,6z77qknhbwckkkciwzs085yj8,Adrián Cordero Vega,Club Atlético de Madrid,Málaga CF,Eneko Jauregi,0,0,0,0,1,1,0,0,4,0,0,0,0,1,0
1,15 Aug 2026,,6ypvv07mjqz0hg3voh3u7gges,Manuel Jesús Orellana Cid,Deportivo Alavés,Getafe CF,Antonio Blanco,0,0,0,1,5,1,0,0,42,0,0,3,0,1,1
1,15 Aug 2026,,6ypvv07mjqz0hg3voh3u7gges,Manuel Jesús Orellana Cid,Deportivo Alavés,Getafe CF,Antonio Sivera,0,0,0,0,0,0,0,0,21,0,2,0,0,0,0
1,15 Aug 2026,,6ypvv07mjqz0hg3voh3u7gges,Manuel Jesús Orellana Cid,Deportivo Alavés,Getafe CF,Pablo Ibáñez,0,0,1,1,3,1,0,0,30,0,0,0,0,0,0
1,15 Aug 2026,,6ypvv07mjqz0hg3voh3u7gges,Manuel Jesús Orellana Cid,Deportivo Alavés,Getafe CF,N. Tenaglia,0,2,0,0,1,2,1,0,61,0,0,3,1,2,0
1,15 Aug 2026,,6ypvv07mjqz0hg3voh3u7gges,Manuel Jesús Orellana Cid,Deportivo Alavés,Getafe CF,Toni Martínez,0,0,0,0,0,2,0,0,13,0,0,3,0,1,0
1,15 Aug 2026,,6ypvv07mjqz0hg3voh3u7gges,Manuel Jesús Orellana Cid,Deportivo Alavés,Getafe CF,Denis Suárez,0,0,1,5,3,0,0,0,26,0,0,1,1,0,1
1,15 Aug 2026,,6ypvv07mjqz0hg3voh3u7gges,Manuel Jesús Orellana Cid,Deportivo Alavés,Getafe CF,Aitor Mañas,0,0,0,0,1,2,0,0,4,0,0,0,0,0,0
1,15 Aug 2026,,6ypvv07mjqz0hg3voh3u7gges,Manuel Jesús Orellana Cid,Deportivo Alavés,Getafe CF,V. Koski,0,0,0,0,0,0,0,0,54,0,0,0,0,0,0
1,15 Aug 2026,,6ypvv07mjqz0hg3voh3u7gges,Manuel Jesús Orellana Cid,Deportivo Alavés,Getafe CF,Ángel Pérez,0,0,2,3,1,1,0,2,11,0,0,1,1,2,0
1,15 Aug 2026,,6ypvv07mjqz0hg3voh3u7gges,Manuel Jesús Orellana Cid,Deportivo Alavés,Getafe CF,Jonny Otto,0,0,0,1,1,1,0,0,33,0,0,0,0,2,0
1,15 Aug 2026,,6ypvv07mjqz0hg3voh3u7gges,Manuel Jesús Orellana Cid,Deportivo Alavés,Getafe CF,A. Rebbach,0,0,1,5,1,1,0,0,16,0,0,1,1,5,1
1,15 Aug 2026,,6ypvv07mjqz0hg3voh3u7gges,Manuel Jesús Orellana Cid,Deportivo Alavés,Getafe CF,M. Díaz,2,1,0,1,0,0,1,2,7,0,0,3,2,0,1
1,15 Aug 2026,,6ypvv07mjqz0hg3voh3u7gges,Manuel Jesús Orellana Cid,Deportivo Alavés,Getafe CF,Mikel Rodríguez,0,0,0,1,0,1,1,0,15,0,0,2,1,3,0
1,15 Aug 2026,,6ypvv07mjqz0hg3voh3u7gges,Manuel Jesús Orellana Cid,Deportivo Alavés,Getafe CF,Y. Enríquez,0,0,0,2,0,0,0,0,8,0,0,0,0,2,0
1,15 Aug 2026,,6ypvv07mjqz0hg3voh3u7gges,Manuel Jesús Orellana Cid,Deportivo Alavés,Getafe CF,Ander Guevara,0,0,0,0,0,0,0,0,4,0,0,0,0,0,0
1,15 Aug 2026,,6ypvv07mjqz0hg3voh3u7gges,Manuel Jesús Orellana Cid,Deportivo Alavés,Getafe CF,Carles Aleñá,0,0,0,1,0,0,0,0,9,0,0,1,1,0,0
1,15 Aug 2026,,6ypvv07mjqz0hg3voh3u7gges,Manuel Jesús Orellana Cid,Deportivo Alavés,Getafe CF,O. Mangala,0,1,0,0,2,0,0,0,37,0,0,1,0,3,0
1,15 Aug 2026,,6ypvv07mjqz0hg3voh3u7gges,Manuel Jesús Orellana Cid,Deportivo Alavés,Getafe CF,Mario Martín,0,0,0,1,2,4,0,0,22,0,0,0,0,1,1
1,15 Aug 2026,,6ypvv07mjqz0hg3voh3u7gges,Manuel Jesús Orellana Cid,Deportivo Alavés,Getafe CF,M. Satriano,0,0,1,0,2,3,0,0,18,0,0,1,1,0,0
1,15 Aug 2026,,6ypvv07mjqz0hg3voh3u7gges,Manuel Jesús Orellana Cid,Deportivo Alavés,Getafe CF,Davinchi,0,0,0,1,1,0,0,0,9,0,0,0,0,1,1
1,15 Aug 2026,,6ypvv07mjqz0hg3voh3u7gges,Manuel Jesús Orellana Cid,Deportivo Alavés,Getafe CF,Andrés García,0,0,0,2,0,0,0,0,24,0,0,0,0,1,0
1,15 Aug 2026,,6ypvv07mjqz0hg3voh3u7gges,Manuel Jesús Orellana Cid,Deportivo Alavés,Getafe CF,Z. Romero,0,0,0,2,1,2,0,0,37,0,0,0,0,1,0
1,15 Aug 2026,,6ypvv07mjqz0hg3voh3u7gges,Manuel Jesús Orellana Cid,Deportivo Alavés,Getafe CF,D. Dakonam,0,0,0,1,1,0,0,0,38,0,0,0,0,0,1
1,15 Aug 2026,,6ypvv07mjqz0hg3voh3u7gges,Manuel Jesús Orellana Cid,Deportivo Alavés,Getafe CF,A. Abqar,0,0,0,0,1,1,0,0,31,0,0,0,0,2,0
1,15 Aug 2026,,6ypvv07mjqz0hg3voh3u7gges,Manuel Jesús Orellana Cid,Deportivo Alavés,Getafe CF,Kiko Femenía,0,0,1,3,1,0,0,0,30,1,0,0,0,0,0
1,15 Aug 2026,,6ypvv07mjqz0hg3voh3u7gges,Manuel Jesús Orellana Cid,Deportivo Alavés,Getafe CF,Ramón Terrats,0,0,1,3,1,5,0,0,29,0,0,2,1,0,0
1,15 Aug 2026,,6ypvv07mjqz0hg3voh3u7gges,Manuel Jesús Orellana Cid,Deportivo Alavés,Getafe CF,David Soria,0,0,0,0,0,0,0,0,30,0,5,0,0,0,0
1,15 Aug 2026,,6ypvv07mjqz0hg3voh3u7gges,Manuel Jesús Orellana Cid,Deportivo Alavés,Getafe CF,E. Ünal,0,0,0,0,0,0,0,0,17,0,0,1,0,0,0
1,15 Aug 2026,,6ypvv07mjqz0hg3voh3u7gges,Manuel Jesús Orellana Cid,Deportivo Alavés,Getafe CF,Alberto Risco,0,1,0,0,0,1,0,0,4,0,0,1,0,2,0
1,15 Aug 2026,,6ypvv07mjqz0hg3voh3u7gges,Manuel Jesús Orellana Cid,Deportivo Alavés,Getafe CF,J. Valou,0,0,0,1,1,0,0,0,3,0,0,0,0,0,0
1,15 Aug 2026,,6ypvv07mjqz0hg3voh3u7gges,Manuel Jesús Orellana Cid,Deportivo Alavés,Getafe CF,S. Sazonov,0,0,0,0,0,0,0,0,9,0,0,0,0,1,0
1,15 Aug 2026,,6ypvv07mjqz0hg3voh3u7gges,Manuel Jesús Orellana Cid,Deportivo Alavés,Getafe CF,S. Boselli,0,0,0,0,0,0,0,0,1,0,0,0,0,0,0
6,15 Aug 2026,,71zqp0xwkbtm50t332jrwt0yc,Ricardo De Burgos Bengoetxea,Sevilla FC,Rayo Vallecano de Madrid,Jon Guridi,0,0,0,2,1,0,1,0,20,0,0,2,2,0,1
6,15 Aug 2026,,71zqp0xwkbtm50t332jrwt0yc,Ricardo De Burgos Bengoetxea,Sevilla FC,Rayo Vallecano de Madrid,Kike Salas,0,0,0,0,1,1,0,0,44,1,0,1,0,3,0
6,15 Aug 2026,,71zqp0xwkbtm50t332jrwt0yc,Ricardo De Burgos Bengoetxea,Sevilla FC,Rayo Vallecano de Madrid,Juan Iglesias,0,0,0,5,1,3,0,0,27,0,0,0,0,2,0
6,15 Aug 2026,,71zqp0xwkbtm50t332jrwt0yc,Ricardo De Burgos Bengoetxea,Sevilla FC,Rayo Vallecano de Madrid,Nico Guillén,0,1,0,1,1,2,0,0,12,0,0,1,0,3,0
6,15 Aug 2026,,71zqp0xwkbtm50t332jrwt0yc,Ricardo De Burgos Bengoetxea,Sevilla FC,Rayo Vallecano de Madrid,L. Agoumé,0,0,0,2,3,3,0,0,35,0,0,0,0,4,1
6,15 Aug 2026,,71zqp0xwkbtm50t332jrwt0yc,Ricardo De Burgos Bengoetxea,Sevilla FC,Rayo Vallecano de Madrid,A. Sangante,0,0,0,1,1,0,0,1,47,0,0,0,0,1,0
6,15 Aug 2026,,71zqp0xwkbtm50t332jrwt0yc,Ricardo De Burgos Bengoetxea,Sevilla FC,Rayo Vallecano de Madrid,G. Suazo,0,0,1,2,4,2,0,0,33,0,0,0,0,3,1
6,15 Aug 2026,,71zqp0xwkbtm50t332jrwt0yc,Ricardo De Burgos Bengoetxea,Sevilla FC,Rayo Vallecano de Madrid,Miguel Sierra,0,1,0,1,1,2,0,0,16,0,0,1,0,1,0
6,15 Aug 2026,,71zqp0xwkbtm50t332jrwt0yc,Ricardo De Burgos Bengoetxea,Sevilla FC,Rayo Vallecano de Madrid,Oso,0,1,0,7,1,0,0,0,17,0,0,2,0,1,0
6,15 Aug 2026,,71zqp0xwkbtm50t332jrwt0yc,Ricardo De Burgos Bengoetxea,Sevilla FC,Rayo Vallecano de Madrid,Isaac Romero,0,0,0,1,2,0,0,0,13,0,0,2,0,0,1
6,15 Aug 2026,,71zqp0xwkbtm50t332jrwt0yc,Ricardo De Burgos Bengoetxea,Sevilla FC,Rayo Vallecano de Madrid,O. Vlachodimos,0,0,0,0,0,0,0,0,29,0,2,0,0,0,0
6,15 Aug 2026,,71zqp0xwkbtm50t332jrwt0yc,Ricardo De Burgos Bengoetxea,Sevilla FC,Rayo Vallecano de Madrid,Peque Fernández,0,0,0,1,2,2,1,0,11,0,0,2,2,0,0
6,15 Aug 2026,,71zqp0xwkbtm50t332jrwt0yc,Ricardo De Burgos Bengoetxea,Sevilla FC,Rayo Vallecano de Madrid,R. Ure,0,0,0,0,0,3,0,0,6,0,0,1,0,0,0
6,15 Aug 2026,,71zqp0xwkbtm50t332jrwt0yc,Ricardo De Burgos Bengoetxea,Sevilla FC,Rayo Vallecano de Madrid,R. Vargas,0,0,0,0,0,0,0,0,6,0,0,1,0,1,0
6,15 Aug 2026,,71zqp0xwkbtm50t332jrwt0yc,Ricardo De Burgos Bengoetxea,Sevilla FC,Rayo Vallecano de Madrid,C. Ejuke,0,0,0,1,0,0,0,0,0,0,0,0,0,0,0
6,15 Aug 2026,,71zqp0xwkbtm50t332jrwt0yc,Ricardo De Burgos Bengoetxea,Sevilla FC,Rayo Vallecano de Madrid,Manu Bueno,0,0,0,0,0,0,0,0,3,0,0,0,0,1,0
6,15 Aug 2026,,71zqp0xwkbtm50t332jrwt0yc,Ricardo De Burgos Bengoetxea,Sevilla FC,Rayo Vallecano de Madrid,P. Ciss,0,0,0,0,0,3,0,0,52,0,0,0,0,0,1
6,15 Aug 2026,,71zqp0xwkbtm50t332jrwt0yc,Ricardo De Burgos Bengoetxea,Sevilla FC,Rayo Vallecano de Madrid,Óscar Valentín,0,0,0,0,2,1,0,0,22,0,0,0,0,1,0
6,15 Aug 2026,,71zqp0xwkbtm50t332jrwt0yc,Ricardo De Burgos Bengoetxea,Sevilla FC,Rayo Vallecano de Madrid,A. Rațiu,0,0,0,4,0,1,0,0,26,0,0,1,0,0,0
6,15 Aug 2026,,71zqp0xwkbtm50t332jrwt0yc,Ricardo De Burgos Bengoetxea,Sevilla FC,Rayo Vallecano de Madrid,A. Batalla,0,0,0,0,0,0,0,0,35,0,2,0,0,0,0
6,15 Aug 2026,,71zqp0xwkbtm50t332jrwt0yc,Ricardo De Burgos Bengoetxea,Sevilla FC,Rayo Vallecano de Madrid,Unai López,0,0,0,0,3,1,0,0,34,0,0,0,0,2,1
6,15 Aug 2026,,71zqp0xwkbtm50t332jrwt0yc,Ricardo De Burgos Bengoetxea,Sevilla FC,Rayo Vallecano de Madrid,Isi Palazón,0,0,0,3,1,1,0,0,15,0,0,0,0,2,0
6,15 Aug 2026,,71zqp0xwkbtm50t332jrwt0yc,Ricardo De Burgos Bengoetxea,Sevilla FC,Rayo Vallecano de Madrid,Álvaro García,0,0,0,3,2,0,1,0,13,0,0,1,1,2,1
6,15 Aug 2026,,71zqp0xwkbtm50t332jrwt0yc,Ricardo De Burgos Bengoetxea,Sevilla FC,Rayo Vallecano de Madrid,F. Lejeune,0,0,1,0,1,1,0,0,49,0,0,2,1,4,0
6,15 Aug 2026,,71zqp0xwkbtm50t332jrwt0yc,Ricardo De Burgos Bengoetxea,Sevilla FC,Rayo Vallecano de Madrid,Jorge de Frutos,0,0,0,1,1,2,0,0,16,0,0,0,0,3,0
6,15 Aug 2026,,71zqp0xwkbtm50t332jrwt0yc,Ricardo De Burgos Bengoetxea,Sevilla FC,Rayo Vallecano de Madrid,Randy Nteka,0,0,1,1,3,1,0,0,5,0,0,1,0,1,0
6,15 Aug 2026,,71zqp0xwkbtm50t332jrwt0yc,Ricardo De Burgos Bengoetxea,Sevilla FC,Rayo Vallecano de Madrid,I. Balliu,0,0,0,0,1,2,0,0,27,0,0,0,0,1,0
6,15 Aug 2026,,71zqp0xwkbtm50t332jrwt0yc,Ricardo De Burgos Bengoetxea,Sevilla FC,Rayo Vallecano de Madrid,Sergio Camello,0,0,0,0,0,3,0,0,11,0,0,0,0,0,0
6,15 Aug 2026,,71zqp0xwkbtm50t332jrwt0yc,Ricardo De Burgos Bengoetxea,Sevilla FC,Rayo Vallecano de Madrid,Alemão,0,0,0,0,2,1,0,1,5,0,0,1,1,1,0
6,15 Aug 2026,,71zqp0xwkbtm50t332jrwt0yc,Ricardo De Burgos Bengoetxea,Sevilla FC,Rayo Vallecano de Madrid,Fran Pérez,0,0,0,1,2,1,0,0,6,0,0,0,0,0,1
6,15 Aug 2026,,71zqp0xwkbtm50t332jrwt0yc,Ricardo De Burgos Bengoetxea,Sevilla FC,Rayo Vallecano de Madrid,Pelayo Fernández,0,0,0,0,0,0,0,0,10,0,0,0,0,0,0
6,15 Aug 2026,,71zqp0xwkbtm50t332jrwt0yc,Ricardo De Burgos Bengoetxea,Sevilla FC,Rayo Vallecano de Madrid,Pedro Díaz,0,0,0,2,0,0,0,0,9,0,0,0,0,0,0
3,17 Aug 2026,,7000rk9jiemwpjw2i9tnpim8k,Francisco José Hernández Maeso,RC Deportivo de A Coruña,Elche CF,B. Ede,0,0,0,0,0,0,0,0,38,0,0,1,0,2,0
3,17 Aug 2026,,7000rk9jiemwpjw2i9tnpim8k,Francisco José Hernández Maeso,RC Deportivo de A Coruña,Elche CF,G. Quagliata,0,0,0,3,2,2,0,1,30,0,0,0,0,0,0
3,17 Aug 2026,,7000rk9jiemwpjw2i9tnpim8k,Francisco José Hernández Maeso,RC Deportivo de A Coruña,Elche CF,J. Jensen,0,0,0,1,1,0,0,0,9,0,0,1,0,2,0
3,17 Aug 2026,,7000rk9jiemwpjw2i9tnpim8k,Francisco José Hernández Maeso,RC Deportivo de A Coruña,Elche CF,Mario Soriano,0,1,1,0,0,2,0,0,42,0,0,1,0,2,0
3,17 Aug 2026,,7000rk9jiemwpjw2i9tnpim8k,Francisco José Hernández Maeso,RC Deportivo de A Coruña,Elche CF,L. Amatucci,1,0,0,0,4,1,0,0,62,0,0,0,0,1,1
3,17 Aug 2026,,7000rk9jiemwpjw2i9tnpim8k,Francisco José Hernández Maeso,RC Deportivo de A Coruña,Elche CF,B. Nsongo,0,0,1,1,1,1,0,1,11,0,0,1,1,2,0
3,17 Aug 2026,,7000rk9jiemwpjw2i9tnpim8k,Francisco José Hernández Maeso,RC Deportivo de A Coruña,Elche CF,Adrià Alti,0,0,0,3,1,1,0,0,14,0,0,0,0,2,0
3,17 Aug 2026,,7000rk9jiemwpjw2i9tnpim8k,Francisco José Hernández Maeso,RC Deportivo de A Coruña,Elche CF,L. Noubi,0,0,0,0,1,1,0,0,53,0,0,0,0,0,0
3,17 Aug 2026,,7000rk9jiemwpjw2i9tnpim8k,Francisco José Hernández Maeso,RC Deportivo de A Coruña,Elche CF,Ximo Navarro,0,0,0,2,1,1,0,0,36,0,0,0,0,3,1
3,17 Aug 2026,,7000rk9jiemwpjw2i9tnpim8k,Francisco José Hernández Maeso,RC Deportivo de A Coruña,Elche CF,Leo Román,0,0,0,0,0,0,0,0,33,0,5,0,0,0,0
3,17 Aug 2026,,7000rk9jiemwpjw2i9tnpim8k,Francisco José Hernández Maeso,RC Deportivo de A Coruña,Elche CF,P. Aubameyang,0,0,0,0,2,1,1,0,16,0,0,2,2,0,0
3,17 Aug 2026,,7000rk9jiemwpjw2i9tnpim8k,Francisco José Hernández Maeso,RC Deportivo de A Coruña,Elche CF,Diego Villares,0,0,0,0,1,0,0,0,31,0,0,0,0,2,0
3,17 Aug 2026,,7000rk9jiemwpjw2i9tnpim8k,Francisco José Hernández Maeso,RC Deportivo de A Coruña,Elche CF,Z. Eddahchouri,0,0,0,0,2,1,0,0,9,0,0,1,0,2,0
3,17 Aug 2026,,7000rk9jiemwpjw2i9tnpim8k,Francisco José Hernández Maeso,RC Deportivo de A Coruña,Elche CF,David Mella,0,0,0,1,1,0,0,0,6,0,0,0,0,1,0
3,17 Aug 2026,,7000rk9jiemwpjw2i9tnpim8k,Francisco José Hernández Maeso,RC Deportivo de A Coruña,Elche CF,Luismi Cruz,0,0,0,0,0,1,0,0,10,0,0,1,0,0,0
3,17 Aug 2026,,7000rk9jiemwpjw2i9tnpim8k,Francisco José Hernández Maeso,RC Deportivo de A Coruña,Elche CF,Kevin Sánchez,0,0,0,0,0,0,0,0,1,0,0,0,0,0,0
3,17 Aug 2026,,7000rk9jiemwpjw2i9tnpim8k,Francisco José Hernández Maeso,RC Deportivo de A Coruña,Elche CF,A. Houary,0,1,1,1,0,0,0,0,42,0,0,3,1,2,0
3,17 Aug 2026,,7000rk9jiemwpjw2i9tnpim8k,Francisco José Hernández Maeso,RC Deportivo de A Coruña,Elche CF,M. Dituro,0,0,0,0,0,0,0,0,56,0,2,0,0,0,0
3,17 Aug 2026,,7000rk9jiemwpjw2i9tnpim8k,Francisco José Hernández Maeso,RC Deportivo de A Coruña,Elche CF,Fer Niño,0,0,1,0,0,1,0,0,19,0,0,1,1,1,0
3,17 Aug 2026,,7000rk9jiemwpjw2i9tnpim8k,Francisco José Hernández Maeso,RC Deportivo de A Coruña,Elche CF,Buba Sangaré,0,0,0,1,2,0,0,0,44,0,0,0,0,2,0
3,17 Aug 2026,,7000rk9jiemwpjw2i9tnpim8k,Francisco José Hernández Maeso,RC Deportivo de A Coruña,Elche CF,Gonzalo Villar,1,0,1,1,2,6,0,0,71,0,0,2,2,1,1
3,17 Aug 2026,,7000rk9jiemwpjw2i9tnpim8k,Francisco José Hernández Maeso,RC Deportivo de A Coruña,Elche CF,D. Affengruber,0,1,0,0,1,2,0,0,88,0,0,2,0,2,0
3,17 Aug 2026,,7000rk9jiemwpjw2i9tnpim8k,Francisco José Hernández Maeso,RC Deportivo de A Coruña,Elche CF,F. Redondo,0,1,1,0,1,0,0,0,64,0,0,1,0,1,0
3,17 Aug 2026,,7000rk9jiemwpjw2i9tnpim8k,Francisco José Hernández Maeso,RC Deportivo de A Coruña,Elche CF,Víctor Chust,0,0,1,3,0,0,0,0,80,0,0,0,0,2,0
3,17 Aug 2026,,7000rk9jiemwpjw2i9tnpim8k,Francisco José Hernández Maeso,RC Deportivo de A Coruña,Elche CF,Martim Neto,0,0,0,2,1,1,0,0,24,0,0,0,0,1,0
3,17 Aug 2026,,7000rk9jiemwpjw2i9tnpim8k,Francisco José Hernández Maeso,RC Deportivo de A Coruña,Elche CF,Germán Valera,0,0,2,5,1,4,0,0,35,0,0,0,0,1,0
3,17 Aug 2026,,7000rk9jiemwpjw2i9tnpim8k,Francisco José Hernández Maeso,RC Deportivo de A Coruña,Elche CF,Marc Aguado,0,0,0,0,1,1,1,0,65,0,0,1,1,0,0
3,17 Aug 2026,,7000rk9jiemwpjw2i9tnpim8k,Francisco José Hernández Maeso,RC Deportivo de A Coruña,Elche CF,Tete Morente,0,0,0,1,1,2,0,0,13,0,0,0,0,1,0
3,17 Aug 2026,,7000rk9jiemwpjw2i9tnpim8k,Francisco José Hernández Maeso,RC Deportivo de A Coruña,Elche CF,L. Cepeda,0,0,0,1,0,0,0,0,19,0,0,1,1,0,0
3,17 Aug 2026,,7000rk9jiemwpjw2i9tnpim8k,Francisco José Hernández Maeso,RC Deportivo de A Coruña,Elche CF,Umaru,0,0,0,0,2,0,0,0,4,0,0,0,0,0,1
3,17 Aug 2026,,7000rk9jiemwpjw2i9tnpim8k,Francisco José Hernández Maeso,RC Deportivo de A Coruña,Elche CF,Álvaro Padilla,0,0,0,0,0,0,0,0,7,0,0,0,0,0,0
3,17 Aug 2026,,7000rk9jiemwpjw2i9tnpim8k,Francisco José Hernández Maeso,RC Deportivo de A Coruña,Elche CF,Javier Morcillo,0,0,0,0,0,0,0,0,10,0,0,0,0,1,0
5,16 Aug 2026,,716vp99sj88laxm7ujwt3ua6s,Miguel Sesma Espinosa,Real Racing Club,Villarreal CF,Álvaro Mantilla,0,1,3,2,1,0,0,0,21,0,0,2,0,1,0
5,16 Aug 2026,,716vp99sj88laxm7ujwt3ua6s,Miguel Sesma Espinosa,Real Racing Club,Villarreal CF,Asier Villalibre,0,0,0,0,0,2,0,0,9,0,0,1,0,0,0
5,16 Aug 2026,,716vp99sj88laxm7ujwt3ua6s,Miguel Sesma Espinosa,Real Racing Club,Villarreal CF,G. Puerta,0,2,0,0,2,0,0,0,63,0,0,2,0,1,1
5,16 Aug 2026,,716vp99sj88laxm7ujwt3ua6s,Miguel Sesma Espinosa,Real Racing Club,Villarreal CF,Sergio Canales,0,2,0,1,1,1,0,0,40,0,0,3,1,1,0
5,16 Aug 2026,,716vp99sj88laxm7ujwt3ua6s,Miguel Sesma Espinosa,Real Racing Club,Villarreal CF,Andrés Martín,0,2,0,4,2,3,1,0,29,0,0,6,1,3,0
5,16 Aug 2026,,716vp99sj88laxm7ujwt3ua6s,Miguel Sesma Espinosa,Real Racing Club,Villarreal CF,Pablo Ramón,0,0,0,0,1,1,0,0,31,0,0,0,0,3,1
5,16 Aug 2026,,716vp99sj88laxm7ujwt3ua6s,Miguel Sesma Espinosa,Real Racing Club,Villarreal CF,Jorge Salinas,0,0,1,1,0,1,0,0,39,0,0,0,0,5,0
5,16 Aug 2026,,716vp99sj88laxm7ujwt3ua6s,Miguel Sesma Espinosa,Real Racing Club,Villarreal CF,Pedro Felipe,0,0,0,0,0,0,0,0,3,0,0,0,0,0,0
5,16 Aug 2026,,716vp99sj88laxm7ujwt3ua6s,Miguel Sesma Espinosa,Real Racing Club,Villarreal CF,Julen Agirrezabala,0,0,0,0,0,0,0,0,20,0,5,0,0,0,0
5,16 Aug 2026,,716vp99sj88laxm7ujwt3ua6s,Miguel Sesma Espinosa,Real Racing Club,Villarreal CF,Iñigo Vicente,0,0,0,3,1,3,0,1,66,0,0,0,0,3,0
5,16 Aug 2026,,716vp99sj88laxm7ujwt3ua6s,Miguel Sesma Espinosa,Real Racing Club,Villarreal CF,Sergio Martínez,0,0,0,0,3,0,1,0,22,0,0,1,1,2,0
5,16 Aug 2026,,716vp99sj88laxm7ujwt3ua6s,Miguel Sesma Espinosa,Real Racing Club,Villarreal CF,Manu Hernando,0,0,0,0,0,1,0,0,13,0,0,1,0,1,0
5,16 Aug 2026,,716vp99sj88laxm7ujwt3ua6s,Miguel Sesma Espinosa,Real Racing Club,Villarreal CF,M. Gueye,0,1,0,0,2,1,0,0,12,0,0,1,0,0,0
5,16 Aug 2026,,716vp99sj88laxm7ujwt3ua6s,Miguel Sesma Espinosa,Real Racing Club,Villarreal CF,Y. Zabiri,0,0,1,0,1,0,0,0,3,0,0,0,0,0,0
5,16 Aug 2026,,716vp99sj88laxm7ujwt3ua6s,Miguel Sesma Espinosa,Real Racing Club,Villarreal CF,F. González,0,0,0,0,0,0,0,0,2,0,0,0,0,1,0
5,16 Aug 2026,,716vp99sj88laxm7ujwt3ua6s,Miguel Sesma Espinosa,Real Racing Club,Villarreal CF,Diego Díaz,0,0,1,1,0,0,0,0,4,0,0,0,0,0,0
5,16 Aug 2026,,716vp99sj88laxm7ujwt3ua6s,Miguel Sesma Espinosa,Real Racing Club,Villarreal CF,G. Mikautadze,1,1,1,0,2,1,0,0,28,0,0,4,2,0,0
5,16 Aug 2026,,716vp99sj88laxm7ujwt3ua6s,Miguel Sesma Espinosa,Real Racing Club,Villarreal CF,P. Gueye,0,0,0,0,1,2,1,0,56,0,0,1,1,1,1
5,16 Aug 2026,,716vp99sj88laxm7ujwt3ua6s,Miguel Sesma Espinosa,Real Racing Club,Villarreal CF,Santi Comesaña,0,0,2,0,1,0,0,1,29,0,0,0,0,4,0
5,16 Aug 2026,,716vp99sj88laxm7ujwt3ua6s,Miguel Sesma Espinosa,Real Racing Club,Villarreal CF,Renato Veiga,0,0,0,0,1,1,0,0,80,0,0,0,0,0,0
5,16 Aug 2026,,716vp99sj88laxm7ujwt3ua6s,Miguel Sesma Espinosa,Real Racing Club,Villarreal CF,J. Foyth,0,0,0,0,0,0,0,0,75,0,0,0,0,1,1
5,16 Aug 2026,,716vp99sj88laxm7ujwt3ua6s,Miguel Sesma Espinosa,Real Racing Club,Villarreal CF,S. Mouriño,0,0,0,0,3,1,0,1,53,0,0,1,1,5,1
5,16 Aug 2026,,716vp99sj88laxm7ujwt3ua6s,Miguel Sesma Espinosa,Real Racing Club,Villarreal CF,Ayoze Pérez,0,1,1,0,2,3,0,0,7,0,0,2,1,2,0
5,16 Aug 2026,,716vp99sj88laxm7ujwt3ua6s,Miguel Sesma Espinosa,Real Racing Club,Villarreal CF,N. Pepe,0,0,1,3,0,1,1,0,38,0,0,2,2,1,0
5,16 Aug 2026,,716vp99sj88laxm7ujwt3ua6s,Miguel Sesma Espinosa,Real Racing Club,Villarreal CF,Carlos Romero,0,0,1,1,2,5,0,0,53,0,0,1,0,3,1
5,16 Aug 2026,,716vp99sj88laxm7ujwt3ua6s,Miguel Sesma Espinosa,Real Racing Club,Villarreal CF,Alberto Moleiro,1,0,1,3,0,0,0,1,27,0,0,0,0,0,0
5,16 Aug 2026,,716vp99sj88laxm7ujwt3ua6s,Miguel Sesma Espinosa,Real Racing Club,Villarreal CF,Luíz Júnior,0,0,0,0,0,0,0,0,20,0,3,0,0,0,0
5,16 Aug 2026,,716vp99sj88laxm7ujwt3ua6s,Miguel Sesma Espinosa,Real Racing Club,Villarreal CF,Carlos Maciá,0,0,0,0,1,0,0,0,28,0,0,0,0,3,0
5,16 Aug 2026,,716vp99sj88laxm7ujwt3ua6s,Miguel Sesma Espinosa,Real Racing Club,Villarreal CF,T. Buchanan,0,0,1,4,1,0,0,0,11,0,0,1,0,1,0
5,16 Aug 2026,,716vp99sj88laxm7ujwt3ua6s,Miguel Sesma Espinosa,Real Racing Club,Villarreal CF,Gerard Moreno,0,0,0,1,0,0,0,0,19,0,0,0,0,1,0
5,16 Aug 2026,,716vp99sj88laxm7ujwt3ua6s,Miguel Sesma Espinosa,Real Racing Club,Villarreal CF,I. Akhomach,0,0,2,4,0,0,0,0,9,0,0,0,0,1,0
5,16 Aug 2026,,716vp99sj88laxm7ujwt3ua6s,Miguel Sesma Espinosa,Real Racing Club,Villarreal CF,A. Freeman,0,0,0,1,0,0,0,0,3,0,0,0,0,0,0
4,16 Aug 2026,,70ecxis8a4v87q3igbbhvxn2s,Carlos Muñiz Muñoz,Reial Club Deportiu Espanyol de Barcelona,Levante UD,Cala,0,0,0,0,3,0,0,0,25,0,0,2,2,2,1
4,16 Aug 2026,,70ecxis8a4v87q3igbbhvxn2s,Carlos Muñiz Muñoz,Reial Club Deportiu Espanyol de Barcelona,Levante UD,Roger Hinojo,0,0,0,0,1,1,0,0,57,0,0,0,0,2,0
4,16 Aug 2026,,70ecxis8a4v87q3igbbhvxn2s,Carlos Muñiz Muñoz,Reial Club Deportiu Espanyol de Barcelona,Levante UD,Urko González de Zárate,0,0,0,0,1,1,0,0,31,0,0,0,0,1,1
4,16 Aug 2026,,70ecxis8a4v87q3igbbhvxn2s,Carlos Muñiz Muñoz,Reial Club Deportiu Espanyol de Barcelona,Levante UD,O. El Hilali,0,0,0,4,2,0,0,1,31,0,0,0,0,1,0
4,16 Aug 2026,,70ecxis8a4v87q3igbbhvxn2s,Carlos Muñiz Muñoz,Reial Club Deportiu Espanyol de Barcelona,Levante UD,Edu Expósito,0,2,0,2,0,1,0,0,51,0,0,3,0,2,0
4,16 Aug 2026,,70ecxis8a4v87q3igbbhvxn2s,Carlos Muñiz Muñoz,Reial Club Deportiu Espanyol de Barcelona,Levante UD,C. Riedel,0,0,0,0,3,0,0,0,74,0,0,0,0,1,0
4,16 Aug 2026,,70ecxis8a4v87q3igbbhvxn2s,Carlos Muñiz Muñoz,Reial Club Deportiu Espanyol de Barcelona,Levante UD,Unai Núñez,0,0,0,0,0,1,0,0,70,0,0,0,0,2,0
4,16 Aug 2026,,70ecxis8a4v87q3igbbhvxn2s,Carlos Muñiz Muñoz,Reial Club Deportiu Espanyol de Barcelona,Levante UD,Javi Hernández,1,0,0,1,4,2,0,0,26,0,0,2,1,3,1
4,16 Aug 2026,,70ecxis8a4v87q3igbbhvxn2s,Carlos Muñiz Muñoz,Reial Club Deportiu Espanyol de Barcelona,Levante UD,T. Dolan,0,2,0,2,2,0,1,0,29,0,0,4,1,1,0
4,16 Aug 2026,,70ecxis8a4v87q3igbbhvxn2s,Carlos Muñiz Muñoz,Reial Club Deportiu Espanyol de Barcelona,Levante UD,Roberto Fernández,0,0,0,0,0,1,2,0,12,0,0,2,2,0,0
4,16 Aug 2026,,70ecxis8a4v87q3igbbhvxn2s,Carlos Muñiz Muñoz,Reial Club Deportiu Espanyol de Barcelona,Levante UD,M. Dmitrović,0,0,0,0,0,0,0,0,19,0,0,0,0,0,0
4,16 Aug 2026,,70ecxis8a4v87q3igbbhvxn2s,Carlos Muñiz Muñoz,Reial Club Deportiu Espanyol de Barcelona,Levante UD,Pol Lozano,0,0,0,0,1,0,0,0,11,0,0,1,0,1,0
4,16 Aug 2026,,70ecxis8a4v87q3igbbhvxn2s,Carlos Muñiz Muñoz,Reial Club Deportiu Espanyol de Barcelona,Levante UD,Rafel Bauzà,1,0,0,1,0,0,0,0,12,0,0,0,0,0,0
4,16 Aug 2026,,70ecxis8a4v87q3igbbhvxn2s,Carlos Muñiz Muñoz,Reial Club Deportiu Espanyol de Barcelona,Levante UD,Jofre Carreras,0,0,0,0,0,0,0,0,6,0,0,1,0,0,0
4,16 Aug 2026,,70ecxis8a4v87q3igbbhvxn2s,Carlos Muñiz Muñoz,Reial Club Deportiu Espanyol de Barcelona,Levante UD,Pere Milla,0,0,0,1,0,0,0,0,3,0,0,0,0,1,0
4,16 Aug 2026,,70ecxis8a4v87q3igbbhvxn2s,Carlos Muñiz Muñoz,Reial Club Deportiu Espanyol de Barcelona,Levante UD,Marcos Fernández,0,0,0,0,0,0,0,0,0,0,0,1,0,0,0
4,16 Aug 2026,,70ecxis8a4v87q3igbbhvxn2s,Carlos Muñiz Muñoz,Reial Club Deportiu Espanyol de Barcelona,Levante UD,Iván Romero,0,0,0,0,0,1,0,0,12,0,0,1,0,3,0
4,16 Aug 2026,,70ecxis8a4v87q3igbbhvxn2s,Carlos Muñiz Muñoz,Reial Club Deportiu Espanyol de Barcelona,Levante UD,Oriol Rey,0,0,0,0,1,1,0,0,26,0,0,0,0,3,0
4,16 Aug 2026,,70ecxis8a4v87q3igbbhvxn2s,Carlos Muñiz Muñoz,Reial Club Deportiu Espanyol de Barcelona,Levante UD,Adrián de la Fuente,0,1,0,1,1,2,0,0,69,0,0,1,0,2,0
4,16 Aug 2026,,70ecxis8a4v87q3igbbhvxn2s,Carlos Muñiz Muñoz,Reial Club Deportiu Espanyol de Barcelona,Levante UD,A. Mandi,0,0,0,0,0,0,0,0,66,0,0,1,0,2,0
4,16 Aug 2026,,70ecxis8a4v87q3igbbhvxn2s,Carlos Muñiz Muñoz,Reial Club Deportiu Espanyol de Barcelona,Levante UD,Manu Sánchez,0,0,0,0,1,1,0,0,63,0,0,0,0,3,0
4,16 Aug 2026,,70ecxis8a4v87q3igbbhvxn2s,Carlos Muñiz Muñoz,Reial Club Deportiu Espanyol de Barcelona,Levante UD,Carlos Álvarez,0,0,0,0,1,2,0,0,14,0,0,0,0,0,0
4,16 Aug 2026,,70ecxis8a4v87q3igbbhvxn2s,Carlos Muñiz Muñoz,Reial Club Deportiu Espanyol de Barcelona,Levante UD,Nacho Pérez,0,0,0,5,0,3,0,0,28,0,0,0,0,4,0
4,16 Aug 2026,,70ecxis8a4v87q3igbbhvxn2s,Carlos Muñiz Muñoz,Reial Club Deportiu Espanyol de Barcelona,Levante UD,Víctor García,0,0,1,4,1,1,0,0,13,0,0,0,0,0,0
4,16 Aug 2026,,70ecxis8a4v87q3igbbhvxn2s,Carlos Muñiz Muñoz,Reial Club Deportiu Espanyol de Barcelona,Levante UD,Mathew David Ryan,0,0,0,0,0,0,0,0,36,0,3,0,0,1,0
4,16 Aug 2026,,70ecxis8a4v87q3igbbhvxn2s,Carlos Muñiz Muñoz,Reial Club Deportiu Espanyol de Barcelona,Levante UD,Paco Cortés,0,0,0,1,0,0,0,0,11,0,0,0,0,0,0
4,16 Aug 2026,,70ecxis8a4v87q3igbbhvxn2s,Carlos Muñiz Muñoz,Reial Club Deportiu Espanyol de Barcelona,Levante UD,Jon Ander Olasagasti,0,0,0,2,0,1,0,0,22,0,0,0,0,2,0
4,16 Aug 2026,,70ecxis8a4v87q3igbbhvxn2s,Carlos Muñiz Muñoz,Reial Club Deportiu Espanyol de Barcelona,Levante UD,K. Etta Eyong,0,0,0,0,1,1,0,0,4,0,0,1,0,0,0
4,16 Aug 2026,,70ecxis8a4v87q3igbbhvxn2s,Carlos Muñiz Muñoz,Reial Club Deportiu Espanyol de Barcelona,Levante UD,E. Bardeli,0,0,0,0,1,1,0,0,22,0,0,0,0,0,0
4,16 Aug 2026,,70ecxis8a4v87q3igbbhvxn2s,Carlos Muñiz Muñoz,Reial Club Deportiu Espanyol de Barcelona,Levante UD,Marc Santos,0,0,0,0,0,2,0,0,3,0,0,0,0,1,0
4,16 Aug 2026,,70ecxis8a4v87q3igbbhvxn2s,Carlos Muñiz Muñoz,Reial Club Deportiu Espanyol de Barcelona,Levante UD,J. Toljan,0,0,0,1,0,0,0,0,1,0,0,0,0,0,0
4,16 Aug 2026,,70ecxis8a4v87q3igbbhvxn2s,Carlos Muñiz Muñoz,Reial Club Deportiu Espanyol de Barcelona,Levante UD,Kareem Tunde,0,0,0,0,0,0,0,1,2,0,0,0,0,0,0
